"First Name","Last Name","Email"
"Saransh","Kumar","saransh@email.com"
"Rachel","Green","rachael@email.com"
"Lyla","Donnelly","madge12@stracke.org"
"Ernestine","Keebler","rjaskolski@schaden.com"
"Amelie","O'Connell","brennon.kuphal@yahoo.com"
"Stefan","Kunde","alfonso.dietrich@hotmail.com"
"Toy","Fisher","voreilly@langosh.biz"
"Ivy","Wintheiser","bdeckow@weimann.biz"
"Vern","Goyette","federico.bogan@pagac.com"
"Herta","Ledner","rohan.davin@gmail.com"
"Tia","Cummings","clemens48@dooley.com"
